iduser,cn0,cn1,cn2,cn3,cn4,cnsan0,cnsan1,cnsan2,cnsan3,cnsan4,aa0,aa1,aa2,aa3,aa4,topid0,topid1,topid2,topid3,topid4,topatt0,topatt1
1717,0.00,0.00,,,,0.00,0.00,,,,0.00,0.00,,,,NO,YES,NO,NO,NO,NO,NO
1525,0.00,0.91-1.00,,,,0.00,0.91-1.00,,,,0.00,0.41-0.50,,,,NO,YES,NO,YES,NO,NO,NO
2666,0.91-1.00,0.00,,,,0.91-1.00,0.00,,,,0.91-1.00,0.00,,,,YES,NO,NO,NO,NO,YES,NO
4955,0.00,0.00,,,,0.00,0.91-1.00,,,,0.00,0.00,,,,NO,YES,NO,NO,NO,NO,NO
4376,0.91-1.00,0.00,,,,0.91-1.00,0.00,,,,0.91-1.00,0.00,,,,YES,NO,NO,NO,NO,NO,NO
1702,0.91-1.00,0.00,,,,0.91-1.00,0.00,,,,0.91-1.00,0.00,,,,YES,NO,NO,NO,NO,NO,NO
554,0.00,0.91-1.00,,,,0.00,0.91-1.00,,,,0.00,0.41-0.50,,,,NO,YES,NO,NO,NO,NO,NO
5138,0.91-1.00,0.00,,,,0.91-1.00,0.00,,,,0.61-0.70,0.00,,,,NO,NO,NO,NO,YES,YES,NO
3988,0.00,0.00,,,,0.00,0.91-1.00,,,,0.00,0.00,,,,NO,YES,NO,NO,NO,NO,NO
2074,0.91-1.00,0.00,,,,0.91-1.00,0.00,,,,0.91-1.00,0.00,,,,YES,NO,NO,NO,NO,NO,YES
1879,0.91-1.00,0.00,,,,0.91-1.00,0.00,,,,0.91-1.00,0.00,,,,YES,NO,NO,NO,NO,NO,YES
350,0.00,0.00,,,,0.00,0.00,,,,0.00,0.00,,,,NO,YES,NO,NO,NO,NO,NO
919,0.00,0.91-1.00,,,,0.00,0.91-1.00,,,,0.00,0.41-0.50,,,,NO,YES,NO,NO,NO,NO,NO
2828,0.00,0.91-1.00,,,,0.00,0.91-1.00,,,,0.00,0.81-0.90,,,,NO,YES,NO,NO,NO,NO,NO
2445,0.00,0.00,,,,0.00,0.00,,,,0.00,0.00,,,,NO,YES,NO,NO,NO,YES,NO
726,0.91-1.00,0.00,,,,0.91-1.00,0.00,,,,0.91-1.00,0.00,,,,YES,NO,YES,NO,NO,NO,NO
2635,0.00,0.00,,,,0.00,0.00,,,,0.00,0.00,,,,NO,YES,NO,NO,NO,NO,NO
914,0.00,0.00,,,,0.00,0.00,,,,0.00,0.00,,,,NO,NO,NO,YES,NO,NO,NO
4158,0.91-1.00,0.00,,,,0.91-1.00,0.00,,,,0.71-0.80,0.00,,,,NO,NO,YES,NO,YES,YES,NO
332,0.00,0.00,,,,0.00,0.00,,,,0.00,0.00,,,,NO,YES,NO,NO,NO,NO,NO
4339,0.91-1.00,0.91-1.00,,,,0.91-1.00,0.91-1.00,,,,0.21-0.30,0.91-1.00,,,,NO,NO,NO,YES,NO,NO,NO
2043,0.00,0.00,,,,0.00,0.00,,,,0.00,0.00,,,,NO,YES,NO,NO,NO,NO,NO
3377,0.00,0.00,,,,0.00,0.00,,,,0.00,0.00,,,,NO,YES,NO,NO,NO,NO,NO
1657,0.91-1.00,0.00,,,,0.91-1.00,0.00,,,,0.51-0.60,0.00,,,,NO,YES,YES,NO,NO,YES,NO
4710,0.00,0.91-1.00,,,,0.00,0.91-1.00,,,,0.00,0.41-0.50,,,,NO,YES,NO,NO,NO,NO,NO
3939,0.91-1.00,0.00,,,,0.91-1.00,0.00,,,,0.91-1.00,0.00,,,,YES,NO,NO,NO,YES,NO,NO
4320,0.91-1.00,0.00,,,,0.91-1.00,0.00,,,,0.91-1.00,0.00,,,,YES,NO,NO,NO,NO,NO,NO
306,0.00,0.00,,,,0.00,0.00,,,,0.00,0.00,,,,NO,YES,NO,NO,NO,NO,NO
1833,0.00,0.00,,,,0.00,0.00,,,,0.00,0.00,,,,NO,YES,YES,NO,NO,YES,NO
110,0.00,0.00,,,,0.00,0.91-1.00,,,,0.00,0.00,,,,NO,YES,NO,NO,NO,NO,NO
4693,0.91-1.00,0.00,,,,0.91-1.00,0.00,,,,0.91-1.00,0.00,,,,YES,NO,NO,NO,NO,YES,NO
2589,0.00,0.00,,,,0.91-1.00,0.00,,,,0.00,0.00,,,,NO,YES,NO,NO,NO,NO,NO
3160,0.00,0.00,,,,0.00,0.00,,,,0.00,0.00,,,,NO,YES,NO,NO,NO,NO,NO
3923,0.00,0.00,,,,0.00,0.00,,,,0.00,0.00,,,,NO,YES,NO,NO,NO,NO,NO
294,0.00,0.00,,,,0.00,0.91-1.00,,,,0.00,0.00,,,,NO,YES,NO,NO,NO,NO,NO
4872,0.00,0.00,,,,0.00,0.00,,,,0.00,0.00,,,,NO,YES,NO,NO,NO,NO,NO
666,0.00,0.91-1.00,,,,0.00,0.91-1.00,,,,0.00,0.91-1.00,,,,NO,YES,NO,NO,NO,NO,NO
4292,0.00,0.91-1.00,,,,0.00,0.91-1.00,,,,0.00,0.91-1.00,,,,NO,NO,NO,NO,NO,NO,NO
840,0.91-1.00,0.91-1.00,,,,0.91-1.00,0.91-1.00,,,,0.91-1.00,0.71-0.80,,,,YES,NO,YES,NO,NO,NO,NO
5040,0.91-1.00,0.91-1.00,,,,0.91-1.00,0.91-1.00,,,,0.91-1.00,0.91-1.00,,,,NO,YES,NO,NO,NO,NO,NO
835,0.91-1.00,0.91-1.00,,,,0.91-1.00,0.91-1.00,,,,0.51-0.60,0.51-0.60,,,,NO,YES,NO,NO,NO,NO,NO
1023,0.91-1.00,0.00,,,,0.91-1.00,0.00,,,,0.91-1.00,0.00,,,,YES,NO,NO,NO,NO,NO,NO
1207,0.91-1.00,0.00,,,,0.91-1.00,0.00,,,,0.31-0.40,0.00,,,,NO,YES,NO,NO,NO,NO,YES
244,0.00,0.91-1.00,,,,0.00,0.91-1.00,,,,0.00,0.91-1.00,,,,NO,YES,NO,NO,NO,NO,NO
2727,0.91-1.00,0.00,,,,0.91-1.00,0.00,,,,0.91-1.00,0.00,,,,NO,NO,YES,NO,NO,NO,NO
5018,0.91-1.00,0.00,,,,0.91-1.00,0.00,,,,0.91-1.00,0.00,,,,YES,NO,YES,NO,NO,YES,NO
3103,0.91-1.00,0.00,,,,0.91-1.00,0.00,,,,0.91-1.00,0.00,,,,YES,NO,NO,NO,NO,NO,NO
1183,0.91-1.00,0.91-1.00,,,,0.91-1.00,0.91-1.00,,,,0.31-0.40,0.31-0.40,,,,NO,YES,NO,NO,NO,NO,NO
4429,0.00,0.00,,,,0.00,0.00,,,,0.00,0.00,,,,NO,YES,NO,NO,NO,NO,NO
1178,0.00,0.00,,,,0.00,0.91-1.00,,,,0.00,0.00,,,,NO,YES,NO,NO,NO,NO,NO
4995,0.91-1.00,0.00,,,,0.91-1.00,0.91-1.00,,,,0.91-1.00,0.00,,,,NO,YES,NO,NO,NO,NO,NO
1554,0.00,0.00,,,,0.00,0.00,,,,0.00,0.00,,,,NO,YES,NO,NO,NO,NO,NO
20,0.00,0.91-1.00,,,,0.00,0.91-1.00,,,,0.00,0.91-1.00,,,,NO,YES,NO,NO,NO,NO,NO
3455,0.00,0.00,,,,0.00,0.00,,,,0.00,0.00,,,,NO,YES,NO,NO,NO,NO,NO
1927,0.91-1.00,0.00,,,,0.91-1.00,0.00,,,,0.71-0.80,0.00,,,,YES,NO,NO,NO,NO,NO,YES
970,0.00,0.00,,,,0.00,0.00,,,,0.00,0.00,,,,NO,YES,NO,NO,NO,NO,NO
3833,0.91-1.00,0.00,,,,0.91-1.00,0.00,,,,0.91-1.00,0.00,,,,YES,NO,NO,NO,NO,NO,NO
202,0.00,0.00,,,,0.00,0.00,,,,0.00,0.00,,,,NO,YES,NO,NO,NO,NO,NO
1538,0.91-1.00,0.91-1.00,,,,0.91-1.00,0.91-1.00,,,,0.91-1.00,0.61-0.70,,,,YES,NO,NO,NO,NO,NO,NO
